Elapsed Time (s),T1 (deg C),T2 (deg C),T3 (deg C),T4 (deg C),T5 (deg C),T6 (deg C),T7 (deg C),T8 (deg C),Main Loop Avg Temp (deg C),HX Avg Temp (deg C),Overall Avg Temp (deg C)
1.2180,35.2227,35.1967,35.2337,35.2243,35.3787,28.5668,31.2723,31.1061,35.2512,29.8364,33.4002

1.5740,35.2575,35.1800,35.2291,35.2141,35.3928,28.5565,31.2621,31.0916,35.2547,29.8241,33.3980

2.5240,35.2428,35.1718,35.2504,35.2289,35.3814,28.5841,31.2671,31.0858,35.2550,29.8350,33.4015

3.5240,35.2731,35.2184,35.2572,35.2366,35.3882,28.7662,31.2702,30.7916,35.2747,29.7789,33.4002

4.5240,35.2789,35.2240,35.2521,35.2507,35.3953,28.9038,31.2516,30.3679,35.2802,29.6359,33.3655

5.5230,35.2920,35.2071,35.2679,35.2642,35.3872,28.9885,31.2794,30.0196,35.2837,29.5041,33.3382

6.5240,35.3082,35.2325,35.2765,35.2634,35.3883,29.0359,31.2552,29.8121,35.2938,29.4240,33.3215

7.5240,35.2995,35.2308,35.2416,35.2654,35.3997,29.0864,31.2531,29.6439,35.2874,29.3652,33.3026

8.5230,35.3166,35.2324,35.2604,35.2735,35.3952,29.1065,31.2867,29.5482,35.2956,29.3273,33.3024

9.5230,35.3133,35.2375,35.2750,35.2506,35.4088,29.1300,31.2651,29.4490,35.2970,29.2895,33.2911

10.5230,35.3393,35.2253,35.2529,35.2753,35.3890,29.1232,31.2616,29.3773,35.2964,29.2503,33.2805

11.5230,35.3104,35.2354,35.2536,35.2597,35.3987,29.1492,31.2580,29.3256,35.2916,29.2374,33.2738

12.5240,35.3245,35.2394,35.2488,35.2609,35.3985,29.1516,31.2702,29.2904,35.2944,29.2210,33.2730

13.5230,35.3172,35.2353,35.2774,35.2629,35.3818,29.1499,31.2577,29.2501,35.2949,29.2000,33.2665

14.5230,35.3234,35.2218,35.2523,35.2583,35.3982,29.1787,31.2710,29.2145,35.2908,29.1966,33.2648

15.5230,35.3279,35.2122,35.2496,35.2468,35.3876,29.1738,31.2515,29.1870,35.2848,29.1804,33.2546

16.5230,35.3049,35.2244,35.2566,35.2566,35.3769,29.1611,31.2416,29.1526,35.2839,29.1568,33.2468

17.5230,35.3353,35.2091,35.2657,35.2540,35.3672,29.2034,31.2674,29.1012,35.2862,29.1523,33.2504

18.5240,35.3253,35.2332,35.2575,35.2477,35.3792,29.1896,31.2560,29.0743,35.2886,29.1319,33.2453

19.5240,35.3216,35.2124,35.2535,35.2451,35.3756,29.1853,31.2518,28.9985,35.2816,29.0919,33.2305

20.5230,35.3219,35.2177,35.2261,35.2322,35.3571,29.1767,31.2399,28.9880,35.2710,29.0824,33.2200

21.5230,35.3128,35.2087,35.2396,35.2260,35.3416,29.1972,31.2514,29.0113,35.2657,29.1042,33.2236

22.5230,35.3203,35.2127,35.2454,35.2534,35.3343,29.1916,31.2463,28.9765,35.2732,29.0841,33.2226

23.5240,35.3163,35.1949,35.2123,35.2263,35.3353,29.1955,31.2530,28.9715,35.2570,29.0835,33.2131

24.5230,35.2973,35.1730,35.2067,35.2132,35.3297,29.2235,31.2321,28.9712,35.2440,29.0974,33.2058

25.5230,35.3033,35.1714,35.1892,35.2055,35.3361,29.1881,31.2499,28.9613,35.2411,29.0747,33.2006

26.5230,35.3072,35.1533,35.1954,35.2137,35.3194,29.1954,31.2411,28.9464,35.2378,29.0709,33.1965

27.5240,35.2837,35.1427,35.1867,35.1969,35.2980,29.2136,31.2499,28.9769,35.2216,29.0952,33.1935

28.5230,35.2790,35.1459,35.1599,35.1767,35.3082,29.2197,31.2433,29.0145,35.2139,29.1171,33.1934

29.5230,35.2604,35.1595,35.1520,35.1646,35.2853,29.2104,31.2688,29.0062,35.2044,29.1083,33.1884

30.5230,35.2546,35.1259,35.1517,35.1802,35.2663,29.1961,31.2616,29.0258,35.1958,29.1109,33.1828

31.5240,35.2541,35.1227,35.1451,35.1634,35.2654,29.1960,31.2582,29.0346,35.1901,29.1153,33.1799

32.5230,35.2488,35.1308,35.1345,35.1724,35.2726,29.1978,31.2515,29.0434,35.1918,29.1206,33.1815

33.5240,35.2416,35.1099,35.1347,35.1393,35.2390,29.2042,31.2790,29.0263,35.1729,29.1152,33.1717

34.5240,35.2149,35.1022,35.1265,35.1494,35.2496,29.1844,31.2677,29.0244,35.1685,29.1044,33.1649

35.5230,35.2291,35.0854,35.0953,35.1355,35.2286,29.1671,31.2665,29.0269,35.1548,29.0970,33.1543

36.5240,35.2118,35.0934,35.1014,35.1014,35.2319,29.1987,31.2688,29.0495,35.1480,29.1241,33.1571

37.5230,35.2219,35.0873,35.0826,35.1140,35.2113,29.1787,31.2719,29.0606,35.1434,29.1196,33.1535

38.5230,35.2064,35.0640,35.0813,35.1094,35.2095,29.1880,31.2676,29.0676,35.1341,29.1278,33.1492

39.5230,35.3768,35.0499,35.0682,35.0972,35.1402,29.1816,31.2809,29.0847,35.1465,29.1331,33.1599

40.5240,35.1863,35.0357,35.0933,35.0886,35.1939,29.1777,31.2780,29.0794,35.1195,29.1285,33.1416

41.5230,35.1897,34.9860,35.0501,35.0871,35.1821,29.1684,31.2626,29.0499,35.0990,29.1091,33.1220

42.5230,35.1415,34.9790,35.0599,35.0548,35.1591,29.1760,31.2763,29.0386,35.0789,29.1073,33.1106

43.5230,35.1293,34.9617,35.0524,35.0693,35.1619,29.1773,31.2658,28.9929,35.0749,29.0851,33.1013

44.5230,35.0923,34.9613,35.0212,35.0403,35.1391,29.1575,31.2658,28.9674,35.0508,29.0625,33.0806

45.5230,35.1070,34.9146,34.9923,35.0203,35.1355,29.1592,31.2844,28.9460,35.0339,29.0526,33.0699

46.5240,35.0842,34.9078,34.9808,35.0112,35.0847,29.1720,31.2939,28.9405,35.0137,29.0563,33.0594

47.5230,35.0716,34.8815,34.9662,34.9756,35.0720,29.1716,31.2639,28.9241,34.9934,29.0478,33.0408

48.5230,35.0530,34.8730,34.9385,34.9526,35.0358,29.1501,31.2785,28.9486,34.9706,29.0493,33.0288

49.5230,35.0244,34.8410,34.9271,34.9627,35.0413,29.1617,31.2625,28.9589,34.9593,29.0603,33.0225

50.5240,35.0090,34.8180,34.8788,34.9284,35.0085,29.1543,31.2588,28.9707,34.9285,29.0625,33.0033

51.5240,34.9774,34.7921,34.8979,34.9082,35.0013,29.1455,31.2632,29.0058,34.9154,29.0756,32.9989

52.5230,34.9916,34.7742,34.8514,34.8847,34.9834,29.1410,31.2362,29.0177,34.8971,29.0794,32.9850

53.5250,34.9704,34.7865,34.8474,34.8778,34.9611,29.1437,31.2562,29.0900,34.8886,29.1169,32.9916

54.5230,34.9389,34.7552,34.8367,34.8806,34.9541,29.1276,31.2500,29.0932,34.8731,29.1104,32.9795

55.5230,34.9484,34.7314,34.8180,34.8554,34.9074,29.1107,31.2445,29.1554,34.8521,29.1331,32.9714

56.5230,34.9098,34.7042,34.7959,34.8315,34.8998,29.1218,31.2447,29.1632,34.8282,29.1425,32.9589

57.5230,34.8803,34.7225,34.7829,34.8194,34.8980,29.1359,31.2475,29.1994,34.8206,29.1676,32.9607

58.5230,34.8983,34.6839,34.7536,34.7925,34.8814,29.1352,31.2322,29.2462,34.8019,29.1907,32.9529

59.5230,34.8611,34.6765,34.7345,34.7603,34.8703,29.0983,31.2184,29.2681,34.7805,29.1832,32.9359

60.5230,34.8325,34.6706,34.7385,34.7535,34.8466,29.1208,31.2371,29.2892,34.7684,29.2050,32.9361

61.5230,34.8158,34.6525,34.7016,34.7414,34.8289,29.1195,31.2382,29.3326,34.7480,29.2261,32.9288

62.5230,34.8036,34.6034,34.7073,34.7377,34.8056,29.1134,31.2462,29.3567,34.7315,29.2350,32.9217

63.5230,34.7911,34.6034,34.6750,34.7054,34.7897,29.1027,31.2275,29.3864,34.7129,29.2446,32.9102

64.5240,34.7760,34.5944,34.6703,34.6913,34.7798,29.1110,31.2293,29.3952,34.7024,29.2531,32.9059

65.5230,34.7546,34.5641,34.6549,34.6811,34.7598,29.1050,31.2552,29.4306,34.6829,29.2678,32.9007

66.5230,34.7244,34.5527,34.6309,34.6735,34.7517,29.0883,31.2296,29.4511,34.6667,29.2697,32.8878

67.5240,34.7187,34.5437,34.6242,34.6467,34.7422,29.0901,31.2389,29.4971,34.6551,29.2936,32.8877

68.5240,34.7188,34.5251,34.6108,34.6169,34.7330,29.0559,31.2128,29.5104,34.6409,29.2832,32.8730

69.5230,34.6944,34.5073,34.5906,34.6295,34.7128,29.0921,31.2188,29.5188,34.6269,29.3054,32.8705

70.5230,34.6900,34.5062,34.5581,34.5975,34.6953,29.0754,31.2215,29.5360,34.6094,29.3057,32.8600

71.5240,34.6543,34.4708,34.5499,34.5906,34.6866,29.0598,31.2260,29.5519,34.5904,29.3058,32.8487

72.5230,34.6421,34.4806,34.5358,34.5700,34.6702,29.0677,31.2133,29.5787,34.5797,29.3232,32.8448

73.5230,34.6336,34.4626,34.5141,34.5521,34.6541,29.0795,31.2095,29.5970,34.5633,29.3382,32.8378

74.5230,34.6340,34.4417,34.5002,34.5517,34.6228,29.0591,31.2183,29.6049,34.5501,29.3320,32.8291

75.5230,34.6068,34.4218,34.5080,34.5394,34.5955,29.0473,31.2089,29.6166,34.5343,29.3320,32.8180

76.5230,34.5741,34.4176,34.5033,34.5253,34.5759,29.0436,31.2197,29.6147,34.5192,29.3291,32.8093

77.5230,34.5825,34.3778,34.4775,34.5023,34.5922,29.0394,31.2160,29.6392,34.5065,29.3393,32.8034

78.5230,34.5518,34.3776,34.4244,34.4937,34.5850,29.0315,31.2011,29.6586,34.4865,29.3451,32.7905

79.5230,34.5353,34.3799,34.4403,34.4717,34.5601,29.0512,31.2072,29.6812,34.4775,29.3662,32.7909

80.5230,34.5289,34.3526,34.4374,34.4547,34.5333,29.0137,31.2157,29.6860,34.4614,29.3498,32.7778

81.5230,34.5073,34.3376,34.4046,34.4472,34.5314,29.0315,31.2166,29.6836,34.4456,29.3576,32.7700

82.5230,34.5041,34.3190,34.4000,34.4379,34.5452,29.0260,31.2209,29.6940,34.4413,29.3600,32.7684

83.5230,34.4664,34.3009,34.3815,34.4166,34.5191,29.0361,31.2099,29.7238,34.4169,29.3800,32.7568

84.5230,34.4433,34.2963,34.3646,34.3979,34.4719,29.0222,31.2120,29.7288,34.3948,29.3755,32.7421

85.5230,34.4463,34.2630,34.3641,34.4072,34.4498,29.0144,31.2212,29.7258,34.3861,29.3701,32.7365

86.5230,34.4534,34.2437,34.3298,34.3818,34.4586,29.0032,31.2142,29.7668,34.3735,29.3850,32.7314

87.5230,34.4438,34.2651,34.3138,34.3573,34.4641,29.0068,31.2219,29.7656,34.3688,29.3862,32.7298

88.5230,34.4347,34.2423,34.3457,34.3556,34.4403,28.9925,31.2020,29.7739,34.3637,29.3832,32.7234

89.5230,34.3872,34.2264,34.3234,34.3299,34.4489,29.0148,31.2055,29.7548,34.3432,29.3848,32.7114

90.5240,34.3741,34.2208,34.2958,34.3126,34.4020,28.9998,31.2013,29.7863,34.3211,29.3930,32.6991

91.5230,34.3772,34.2213,34.2822,34.3220,34.3955,29.0076,31.2143,29.7777,34.3197,29.3926,32.6997

92.5240,34.3548,34.1936,34.2376,34.3233,34.4104,29.0048,31.1984,29.8210,34.3040,29.4129,32.6930

93.5230,34.3719,34.1720,34.2587,34.2933,34.3654,28.9900,31.2179,29.8010,34.2923,29.3955,32.6838

94.5240,34.3606,34.1661,34.2204,34.2621,34.3665,29.0022,31.1915,29.8179,34.2751,29.4100,32.6734

95.5230,34.3395,34.1546,34.2235,34.2848,34.3640,28.9810,31.1845,29.8301,34.2733,29.4056,32.6703

96.5230,34.3148,34.1542,34.2207,34.2385,34.3527,29.0037,31.1888,29.8326,34.2562,29.4182,32.6633

97.5230,34.2961,34.1322,34.2132,34.2394,34.3195,28.9947,31.2043,29.8476,34.2401,29.4212,32.6559

98.5230,34.2977,34.1129,34.2047,34.2173,34.3171,28.9624,31.1824,29.8290,34.2299,29.3957,32.6404

99.5230,34.2812,34.0965,34.1757,34.2337,34.3138,29.0071,31.1706,29.8473,34.2202,29.4272,32.6407

100.5230,34.2710,34.1024,34.1773,34.2134,34.3024,28.9587,31.2035,29.8614,34.2133,29.4100,32.6363

101.5230,34.2482,34.0671,34.1458,34.1875,34.2802,28.9646,31.2028,29.8570,34.1858,29.4108,32.6192

102.5230,34.2434,34.0830,34.1631,34.1762,34.2591,28.9884,31.2060,29.8756,34.1849,29.4320,32.6243

103.5230,34.2137,34.0733,34.1374,34.1805,34.2587,28.9666,31.1804,29.8618,34.1727,29.4142,32.6091

104.5230,34.1977,34.0419,34.1445,34.1670,34.2522,28.9529,31.1879,29.8617,34.1606,29.4073,32.6007

105.5230,34.1925,34.0396,34.0991,34.1478,34.2377,28.9570,31.2043,29.8899,34.1433,29.4235,32.5960

106.5250,34.1961,34.0170,34.1083,34.1607,34.2165,28.9475,31.1755,29.8770,34.1397,29.4123,32.5873

107.5230,34.1697,34.0132,34.1022,34.1153,34.2334,28.9727,31.1805,29.8877,34.1268,29.4302,32.5843

108.5230,34.1654,33.9958,34.0829,34.1077,34.1939,28.9778,31.1851,29.8796,34.1091,29.4287,32.5735

109.5240,34.1553,33.9962,34.0454,34.1044,34.1869,28.9657,31.1852,29.8854,34.0976,29.4255,32.5656

110.5230,34.1439,33.9787,34.0359,34.0916,34.1712,28.9425,31.1752,29.8674,34.0843,29.4049,32.5508

111.5240,34.1283,33.9704,34.0332,34.0576,34.1676,28.9349,31.2061,29.8903,34.0714,29.4126,32.5485

112.5230,34.1248,33.9507,34.0355,34.0481,34.1647,28.9337,31.1988,29.9014,34.0648,29.4176,32.5447

113.5230,34.1145,33.9581,34.0269,34.0489,34.1534,28.9394,31.1989,29.8864,34.0604,29.4129,32.5408

114.5230,34.1011,33.9261,34.0184,34.0202,34.1373,28.9405,31.1901,29.8917,34.0406,29.4161,32.5282

115.5230,34.0895,33.9271,33.9950,34.0175,34.1322,28.9401,31.1987,29.8702,34.0323,29.4052,32.5213

116.5230,34.0828,33.9015,33.9961,34.0195,34.1160,28.9253,31.1825,29.8812,34.0232,29.4033,32.5131

117.5230,34.0572,33.9098,33.9857,34.0115,34.1047,28.9208,31.1832,29.9022,34.0138,29.4115,32.5094

118.5230,34.0578,33.8760,33.9720,33.9977,34.0886,28.9336,31.1889,29.8858,33.9984,29.4097,32.5000

119.5230,34.0573,33.8670,33.9363,33.9860,34.0684,28.9181,31.1982,29.9116,33.9830,29.4148,32.4929

120.5230,34.0258,33.8628,33.9410,33.9860,34.0717,28.9133,31.1949,29.9186,33.9775,29.4159,32.4893

121.5230,34.0167,33.8591,33.9383,33.9748,34.0596,28.9051,31.1867,29.8892,33.9697,29.3971,32.4787

122.5230,33.9951,33.8394,33.9256,33.9663,34.0431,28.9215,31.1655,29.8995,33.9539,29.4105,32.4695

123.5240,34.0056,33.8436,33.9457,33.9490,34.0539,28.9146,31.1892,29.9086,33.9595,29.4116,32.4763

124.5240,33.9824,33.8180,33.9131,33.9342,34.0049,28.9210,31.1763,29.9056,33.9305,29.4133,32.4569

125.5230,33.9899,33.8105,33.8897,33.9243,34.0297,28.8824,31.1880,29.9193,33.9288,29.4008,32.4542

126.5230,33.9699,33.8143,33.8748,33.9235,34.0059,28.8972,31.1840,29.9180,33.9177,29.4076,32.4484

127.5230,33.9499,33.7959,33.8764,33.9064,33.9893,28.8902,31.1878,29.9190,33.9036,29.4046,32.4394

128.5240,33.9561,33.8026,33.8687,33.8832,33.9628,28.9063,31.1898,29.9229,33.8947,29.4146,32.4365

129.5230,33.9466,33.7629,33.8280,33.8763,33.9630,28.9104,31.1831,29.9133,33.8754,29.4119,32.4229

130.5240,33.9275,33.7507,33.8392,33.8842,33.9531,28.8992,31.1799,29.9088,33.8709,29.4040,32.4178

131.5240,33.9058,33.7652,33.8387,33.8607,33.9689,28.8760,31.1910,29.9270,33.8679,29.4015,32.4167

132.5230,33.9077,33.7365,33.8208,33.8409,33.9342,28.8822,31.1775,29.9021,33.8480,29.3921,32.4002

133.5230,33.8964,33.7387,33.8207,33.8399,33.9205,28.8788,31.1727,29.9109,33.8433,29.3949,32.3973

134.5230,33.8733,33.7347,33.8008,33.8204,33.9132,28.8654,31.1791,29.9112,33.8285,29.3883,32.3873

135.5230,33.8793,33.7096,33.7574,33.8136,33.9110,28.8766,31.1795,29.9196,33.8142,29.3981,32.3808

136.5230,33.8657,33.7021,33.7765,33.8117,33.8862,28.8634,31.1874,29.9026,33.8084,29.3830,32.3745

137.5240,33.8451,33.6837,33.7671,33.8308,33.8898,28.8706,31.1847,29.9154,33.8033,29.3930,32.3734

138.5230,33.8366,33.6641,33.7681,33.7953,33.8871,28.8624,31.1780,29.9402,33.7902,29.4013,32.3665

139.5230,33.8458,33.6743,33.7343,33.7849,33.8762,28.8736,31.1638,29.9100,33.7831,29.3918,32.3579

140.5240,33.8112,33.6652,33.7420,33.7636,33.8460,28.8549,31.1878,29.9180,33.7656,29.3865,32.3486

141.5230,33.8089,33.6543,33.7227,33.7682,33.8698,28.8719,31.1794,29.9120,33.7648,29.3920,32.3484

142.5240,33.8022,33.6508,33.7028,33.7544,33.8265,28.8665,31.1750,29.9151,33.7474,29.3908,32.3367

143.5230,33.7914,33.6327,33.7128,33.7508,33.8253,28.8585,31.1773,29.9217,33.7426,29.3901,32.3338

144.5240,33.7811,33.6353,33.6944,33.7403,33.8152,28.8741,31.1952,29.9349,33.7333,29.4045,32.3338

145.5230,33.7705,33.6224,33.6997,33.7081,33.8149,28.8545,31.1879,29.9247,33.7231,29.3896,32.3228

146.5230,33.7673,33.5932,33.6733,33.7239,33.7970,28.8630,31.2062,29.9210,33.7110,29.3920,32.3181

147.5230,33.7651,33.5965,33.6724,33.6926,33.8027,28.8527,31.1866,29.9286,33.7058,29.3907,32.3122

148.5240,33.7252,33.5988,33.6523,33.6949,33.7914,28.8490,31.1908,29.9460,33.6925,29.3975,32.3061

149.5230,33.7220,33.5850,33.6562,33.6796,33.7583,28.8467,31.1740,29.9339,33.6802,29.3903,32.2945

150.5230,33.7096,33.5764,33.6298,33.6842,33.7783,28.8450,31.1892,29.9468,33.6757,29.3959,32.2949

151.5230,33.7044,33.5466,33.6361,33.6679,33.7584,28.8314,31.2104,29.9256,33.6627,29.3785,32.2851

152.5230,33.6849,33.5516,33.6135,33.6678,33.7639,28.8551,31.1931,29.9446,33.6563,29.3998,32.2843

153.5240,33.6844,33.5281,33.6072,33.6447,33.7436,28.8249,31.1908,29.9281,33.6416,29.3765,32.2690

154.5230,33.7021,33.5316,33.5934,33.6248,33.7082,28.8333,31.1930,29.9289,33.6320,29.3811,32.2644

155.5230,33.6567,33.5138,33.5836,33.6347,33.7354,28.8394,31.1883,29.9374,33.6248,29.3884,32.2612

156.5230,33.6703,33.5177,33.5917,33.6278,33.7154,28.8197,31.1982,29.9243,33.6246,29.3720,32.2581

157.5230,33.6683,33.5250,33.6019,33.6379,33.7096,28.8143,31.1826,29.9533,33.6285,29.3838,32.2616

158.5230,33.6488,33.5127,33.5690,33.6135,33.6922,28.8056,31.2030,29.9605,33.6072,29.3831,32.2507

159.5240,33.6551,33.5032,33.5674,33.5909,33.6836,28.8143,31.2022,29.9476,33.6000,29.3809,32.2455

160.5230,33.6446,33.4814,33.5508,33.6019,33.6754,28.8174,31.1988,29.9328,33.5908,29.3751,32.2379

161.5240,33.6328,33.4804,33.5381,33.5563,33.6917,28.8041,31.2255,29.9360,33.5799,29.3701,32.2331

162.5230,33.6085,33.4688,33.5400,33.5546,33.6656,28.8080,31.1885,29.9342,33.5675,29.3711,32.2210

163.5240,33.6099,33.4542,33.5212,33.5685,33.6233,28.8098,31.2053,29.9408,33.5554,29.3753,32.2166

164.5230,33.5842,33.4400,33.5183,33.5431,33.6542,28.8033,31.2063,29.9385,33.5480,29.3709,32.2110

165.5230,33.5908,33.4234,33.5017,33.5228,33.6202,28.7939,31.1946,29.9366,33.5318,29.3653,32.1980

166.5240,33.5793,33.4351,33.4819,33.5316,33.6216,28.8186,31.2103,29.9387,33.5299,29.3787,32.2021

167.5240,33.5609,33.4268,33.4830,33.5149,33.6208,28.8030,31.2173,29.9528,33.5213,29.3779,32.1974

168.5230,33.5506,33.4117,33.4708,33.5247,33.6001,28.7695,31.2055,29.9687,33.5116,29.3691,32.1877

169.5230,33.5575,33.3941,33.4635,33.5066,33.6036,28.7831,31.2012,29.9400,33.5051,29.3615,32.1812

170.5230,33.5557,33.4053,33.4780,33.4944,33.5909,28.7949,31.1839,29.9612,33.5049,29.3780,32.1830

171.5230,33.5458,33.3756,33.4539,33.5069,33.5935,28.7934,31.1800,29.9489,33.4951,29.3711,32.1748

172.5230,33.5206,33.3829,33.4382,33.4678,33.5699,28.7888,31.1961,29.9532,33.4759,29.3710,32.1647

173.5240,33.5258,33.3801,33.4528,33.4804,33.5858,28.8040,31.2197,29.9636,33.4850,29.3838,32.1765

174.5240,33.5077,33.3689,33.4205,33.4627,33.5620,28.7830,31.1776,29.9497,33.4644,29.3664,32.1540

175.5230,33.4933,33.3625,33.4281,33.4698,33.5434,28.7737,31.1852,29.9493,33.4594,29.3615,32.1507

176.5230,33.4969,33.3522,33.3995,33.4408,33.5570,28.7688,31.1949,29.9491,33.4493,29.3590,32.1449

177.5240,33.4725,33.3368,33.4207,33.4517,33.5369,28.7843,31.1925,29.9548,33.4437,29.3695,32.1438

178.5230,33.4802,33.3373,33.3992,33.4376,33.5281,28.7883,31.1890,29.9658,33.4365,29.3771,32.1407

179.5240,33.4698,33.3155,33.3830,33.4135,33.5316,28.7684,31.1804,29.9586,33.4227,29.3635,32.1276

180.5230,33.4527,33.3191,33.3847,33.4208,33.5239,28.7715,31.1934,29.9735,33.4202,29.3725,32.1299

181.5240,33.4531,33.3161,33.3695,33.4103,33.5012,28.7639,31.1670,29.9608,33.4101,29.3623,32.1178

182.5230,33.4341,33.3006,33.3695,33.3877,33.4885,28.7679,31.1884,29.9544,33.3961,29.3611,32.1114

183.5230,33.4307,33.2832,33.3610,33.4060,33.4768,28.7758,31.1788,29.9693,33.3916,29.3725,32.1102

184.5230,33.4273,33.2777,33.3363,33.3775,33.4764,28.7808,31.1876,29.9663,33.3790,29.3736,32.1037

185.5240,33.4118,33.2762,33.3437,33.3620,33.4623,28.7652,31.1814,29.9639,33.3712,29.3646,32.0958

186.5230,33.4194,33.2782,33.3400,33.3719,33.4694,28.7555,31.1924,29.9847,33.3758,29.3701,32.1014

187.5250,33.4022,33.2578,33.3295,33.3727,33.4514,28.7721,31.1766,29.9872,33.3627,29.3797,32.0937

188.5230,33.3909,33.2510,33.3428,33.3550,33.4295,28.7598,31.1558,29.9632,33.3538,29.3615,32.0810

189.5230,33.3903,33.2315,33.3065,33.3651,33.4336,28.7653,31.1576,29.9767,33.3454,29.3710,32.0783

190.5240,33.3792,33.2397,33.3137,33.3343,33.4281,28.7584,31.1808,29.9872,33.3390,29.3728,32.0777

191.5250,33.3679,33.2462,33.3085,33.3399,33.4140,28.7413,31.1830,29.9838,33.3353,29.3626,32.0731

192.5240,33.3769,33.2356,33.2984,33.3317,33.4325,28.7570,31.1517,29.9858,33.3350,29.3714,32.0712

193.5230,33.3470,33.2264,33.2986,33.3136,33.4012,28.7543,31.1644,29.9713,33.3174,29.3628,32.0596

194.5240,33.3515,33.2062,33.2671,33.3342,33.4073,28.7574,31.1741,29.9801,33.3133,29.3687,32.0597

195.5230,33.3573,33.1859,33.2576,33.3176,33.3968,28.7543,31.1851,29.9827,33.3030,29.3685,32.0547

196.5230,33.3329,33.2071,33.2713,33.2994,33.3862,28.7439,31.1814,29.9807,33.2994,29.3623,32.0504

197.5230,33.3240,33.1968,33.2451,33.2915,33.3815,28.7538,31.1903,29.9991,33.2878,29.3765,32.0478

198.5230,33.3161,33.1768,33.2453,33.2837,33.4027,28.7467,31.2006,30.0042,33.2849,29.3755,32.0470

199.5240,33.3308,33.1723,33.2440,33.2422,33.3453,28.7441,31.2083,30.0012,33.2669,29.3727,32.0360

200.5240,33.3082,33.1609,33.2134,33.2659,33.3536,28.7535,31.2022,29.9908,33.2604,29.3721,32.0311

201.5230,33.2965,33.1734,33.2188,33.2685,33.3351,28.7459,31.1716,30.0002,33.2585,29.3731,32.0263

202.5230,33.2852,33.1304,33.2326,33.2560,33.3366,28.7431,31.1876,29.9921,33.2482,29.3676,32.0205

203.5230,33.2876,33.1519,33.2011,33.2461,33.3052,28.7341,31.2063,30.0133,33.2384,29.3737,32.0182

204.5230,33.2825,33.1319,33.1868,33.2224,33.3222,28.7337,31.2031,30.0195,33.2291,29.3766,32.0128

205.5230,33.2643,33.1239,33.1792,33.2256,33.3001,28.7320,31.1891,29.9890,33.2186,29.3605,32.0004

206.5230,33.2650,33.1023,33.1778,33.2237,33.3222,28.7459,31.2049,30.0118,33.2182,29.3788,32.0067

207.5240,33.2490,33.0994,33.1777,33.2039,33.3188,28.7175,31.1794,30.0079,33.2098,29.3627,31.9942

208.5230,33.2450,33.0929,33.1675,33.1970,33.2992,28.7563,31.1613,30.0030,33.2003,29.3796,31.9903

209.5230,33.2336,33.0978,33.1484,33.2183,33.2726,28.7336,31.1885,30.0024,33.1942,29.3680,31.9869

210.5230,33.2217,33.0933,33.1407,33.1847,33.2864,28.7377,31.1718,30.0196,33.1854,29.3786,31.9820

211.5240,33.2144,33.0914,33.1378,33.1702,33.2522,28.7355,31.1654,30.0184,33.1732,29.3769,31.9732

212.5230,33.2217,33.0740,33.1354,33.1931,33.2685,28.7480,31.1694,30.0403,33.1785,29.3941,31.9813

213.5230,33.2225,33.0657,33.1271,33.1501,33.2598,28.7206,31.1787,29.9950,33.1650,29.3578,31.9649

214.5230,33.1892,33.0645,33.1254,33.1545,33.2435,28.7440,31.1641,30.0109,33.1554,29.3775,31.9620

215.5230,33.1898,33.0511,33.1092,33.1443,33.2456,28.6882,31.1676,30.0290,33.1480,29.3586,31.9531

216.5240,33.1842,33.0537,33.1057,33.1517,33.2327,28.7080,31.1554,30.0502,33.1456,29.3791,31.9552

217.5230,33.1806,33.0251,33.1058,33.1179,33.2220,28.7171,31.1804,30.0503,33.1303,29.3837,31.9499

218.5230,33.1708,33.0191,33.0632,33.1307,33.2193,28.7039,31.1776,30.0240,33.1206,29.3640,31.9386

219.5240,33.1668,33.0127,33.0666,33.1266,33.2049,28.7093,31.1694,30.0336,33.1155,29.3715,31.9362

220.5230,33.1416,33.0291,33.0792,33.1148,33.1922,28.7010,31.1592,30.0281,33.1114,29.3646,31.9307

221.5240,33.1611,33.0022,33.0458,33.0988,33.2001,28.7078,31.1641,30.0237,33.1016,29.3658,31.9255

222.5240,33.1359,32.9972,33.0493,33.0947,33.1969,28.7057,31.1807,30.0455,33.0948,29.3756,31.9257

223.5230,33.1210,32.9840,33.0422,33.0951,33.1889,28.6926,31.1456,30.0385,33.0863,29.3656,31.9135

224.5230,33.1288,32.9672,33.0595,33.0708,33.1847,28.7225,31.1708,30.0473,33.0822,29.3849,31.9190

225.5230,33.1158,32.9612,33.0311,33.0784,33.1675,28.6995,31.1648,30.0281,33.0708,29.3638,31.9058

226.5230,33.0960,32.9705,33.0272,33.0629,33.1407,28.7103,31.1675,30.0473,33.0595,29.3788,31.9028

227.5240,33.0997,32.9750,33.0308,33.0618,33.1644,28.7017,31.1576,30.0552,33.0663,29.3785,31.9058

228.5230,33.0868,32.9480,32.9992,33.0592,33.1412,28.7146,31.1559,30.0418,33.0469,29.3782,31.8933

229.5240,33.0841,32.9484,33.0164,33.0614,33.1406,28.6946,31.1664,30.0471,33.0502,29.3708,31.8949

230.5230,33.0768,32.9446,33.0079,33.0346,33.1167,28.6975,31.1567,30.0741,33.0361,29.3858,31.8886

231.5240,33.0863,32.9312,32.9977,33.0348,33.1426,28.7105,31.1447,30.0573,33.0385,29.3839,31.8881

232.5230,33.0555,32.9309,32.9965,33.0115,33.1362,28.7007,31.1283,30.0635,33.0261,29.3821,31.8779

233.5240,33.0499,32.9095,32.9760,33.0164,33.1129,28.6936,31.1565,30.0466,33.0129,29.3701,31.8702

234.5230,33.0424,32.9012,32.9697,33.0058,33.1080,28.6805,31.1514,30.0589,33.0054,29.3697,31.8647

235.5230,33.0467,32.9045,32.9678,32.9959,33.1037,28.6942,31.1637,30.0519,33.0037,29.3731,31.8660

236.5230,33.0267,32.8976,32.9764,33.0120,33.0847,28.6836,31.1606,30.0568,32.9995,29.3702,31.8623

237.5230,33.0474,32.8904,32.9386,32.9954,33.0868,28.6784,31.1563,30.0399,32.9917,29.3591,31.8541

238.5230,33.0230,32.8863,32.9365,32.9740,33.0715,28.6854,31.1639,30.0737,32.9783,29.3796,31.8518

239.5240,33.0182,32.8816,32.9519,32.9767,33.0939,28.6745,31.1699,30.0807,32.9845,29.3776,31.8559

240.5240,33.0105,32.8705,32.9249,32.9798,33.0693,28.6851,31.1767,30.0583,32.9710,29.3717,31.8469

241.5240,33.0179,32.8539,32.9251,32.9537,33.0559,28.6780,31.1705,30.0743,32.9613,29.3761,31.8412

242.5230,33.0186,32.8672,32.9253,32.9741,33.0327,28.6796,31.1552,30.0406,32.9636,29.3601,31.8367

243.5230,32.9877,32.8505,32.9133,32.9452,33.0422,28.6840,31.1624,30.0661,32.9478,29.3750,31.8314

244.5240,32.9750,32.8463,32.9260,32.9475,33.0544,28.7003,31.1684,30.0604,32.9498,29.3803,31.8348

245.5230,32.9717,32.8383,32.9124,32.9387,33.0428,28.6641,31.1590,30.0731,32.9408,29.3686,31.8250

246.5240,32.9726,32.8362,32.8901,32.9464,33.0143,28.6683,31.1632,30.0594,32.9319,29.3638,31.8188

247.5230,32.9542,32.8288,32.8832,32.9460,33.0220,28.6639,31.1729,30.0541,32.9268,29.3590,31.8156

248.5230,32.9572,32.8321,32.9015,32.9189,33.0084,28.6613,31.1943,30.0778,32.9236,29.3696,31.8190

249.5230,32.9572,32.8160,32.9041,32.9139,33.0026,28.6824,31.1726,30.0594,32.9187,29.3709,31.8135

250.5230,32.9344,32.8154,32.8647,32.9149,32.9908,28.6690,31.1827,30.0573,32.9040,29.3632,31.8037

251.5230,32.9518,32.8046,32.8553,32.9158,32.9927,28.6639,31.1720,30.0757,32.9040,29.3698,31.8040

252.5230,32.9401,32.8128,32.8531,32.8996,32.9896,28.6751,31.1780,30.0691,32.8990,29.3721,31.8022

253.5230,32.9005,32.8034,32.8400,32.8958,32.9905,28.6665,31.1731,30.0637,32.8860,29.3651,31.7917

254.5230,32.9329,32.8026,32.8528,32.8701,32.9775,28.6317,31.1652,30.0901,32.8872,29.3609,31.7904

255.5230,32.9148,32.7909,32.8415,32.8968,32.9587,28.6710,31.1340,30.0706,32.8806,29.3708,31.7848

256.5230,32.9292,32.7915,32.8351,32.8773,32.9720,28.6477,31.1624,30.0455,32.8810,29.3466,31.7826

257.5240,32.9116,32.7835,32.8098,32.8661,32.9528,28.6602,31.1636,30.0809,32.8647,29.3706,31.7785

258.5230,32.9090,32.7545,32.8253,32.8717,32.9514,28.6567,31.1648,30.0615,32.8624,29.3591,31.7744

259.5230,32.8793,32.7585,32.8251,32.8490,32.9306,28.6490,31.1636,30.0857,32.8485,29.3673,31.7676

260.5230,32.8899,32.7387,32.8114,32.8489,32.9380,28.6587,31.1649,30.0696,32.8454,29.3641,31.7650

261.5240,32.8810,32.7350,32.8185,32.8457,32.9493,28.6657,31.1456,30.0639,32.8459,29.3648,31.7631

262.5230,32.8675,32.7546,32.8170,32.8381,32.9328,28.6682,31.1570,30.0574,32.8420,29.3628,31.7616

263.5240,32.8748,32.7227,32.8024,32.8249,32.9150,28.6444,31.1591,30.0737,32.8280,29.3591,31.7521

264.5230,32.8512,32.7237,32.7823,32.8273,32.9291,28.6504,31.1463,30.0834,32.8227,29.3669,31.7492

265.5230,32.8357,32.7019,32.7830,32.8214,32.9190,28.6419,31.1622,30.0547,32.8122,29.3483,31.7400

266.5230,32.8418,32.7019,32.7812,32.8210,32.9054,28.6467,31.1496,30.0595,32.8103,29.3531,31.7384

267.5230,32.8244,32.6999,32.7575,32.8040,32.8982,28.6551,31.1458,30.0706,32.7968,29.3628,31.7319

268.5230,32.8293,32.7127,32.7774,32.8027,32.8763,28.6416,31.1643,30.0582,32.7997,29.3499,31.7328

269.5230,32.8233,32.6961,32.7645,32.8058,32.8855,28.6229,31.1672,30.0583,32.7951,29.3406,31.7280

270.5230,32.8015,32.6837,32.7498,32.7906,32.8862,28.6561,31.1553,30.0656,32.7824,29.3608,31.7236

271.5230,32.8287,32.7020,32.7423,32.7939,32.8966,28.6391,31.1632,30.0660,32.7927,29.3526,31.7290

272.5230,32.8176,32.6831,32.7459,32.7966,32.8744,28.6323,31.1597,30.0559,32.7835,29.3441,31.7207

273.5230,32.7976,32.6717,32.7664,32.7505,32.8635,28.6339,31.1556,30.0687,32.7699,29.3513,31.7135

274.5230,32.8060,32.6815,32.7190,32.7856,32.8503,28.6606,31.1583,30.0804,32.7685,29.3705,31.7177

275.5230,32.7785,32.6544,32.7079,32.7749,32.8495,28.6297,31.1708,30.0689,32.7531,29.3493,31.7043

276.5240,32.7920,32.6506,32.7238,32.7707,32.8518,28.6414,31.1561,30.0635,32.7578,29.3525,31.7062

277.5230,32.7947,32.6640,32.7038,32.7357,32.8370,28.6257,31.1559,30.0860,32.7470,29.3558,31.7003

278.5230,32.7525,32.6673,32.7316,32.7696,32.8376,28.6347,31.1456,30.0719,32.7517,29.3533,31.7014

279.5230,32.7716,32.6468,32.7138,32.7485,32.8362,28.6374,31.1596,30.0638,32.7434,29.3506,31.6972

280.5240,32.7585,32.6236,32.7103,32.7408,32.8177,28.6454,31.1657,30.0694,32.7302,29.3574,31.6914

281.5230,32.7660,32.6325,32.6888,32.7254,32.8234,28.6200,31.1592,30.0761,32.7272,29.3480,31.6864

282.5230,32.7553,32.6054,32.6898,32.7217,32.8258,28.6389,31.1470,30.0691,32.7196,29.3540,31.6816

283.5230,32.7534,32.6262,32.6787,32.7116,32.8269,28.6295,31.1621,30.0747,32.7194,29.3521,31.6829

284.5230,32.7482,32.6086,32.6751,32.7314,32.8144,28.6416,31.1441,30.0713,32.7155,29.3565,31.6793

285.5230,32.7382,32.5988,32.6729,32.7090,32.8113,28.6439,31.1708,30.0750,32.7061,29.3594,31.6775

286.5240,32.7323,32.5942,32.6674,32.7016,32.7808,28.6200,31.1653,30.0751,32.6952,29.3476,31.6671

287.5230,32.7303,32.6107,32.6511,32.6666,32.7730,28.6180,31.1755,30.0684,32.6863,29.3432,31.6617

288.5240,32.7479,32.6010,32.6545,32.7075,32.7985,28.6235,31.1607,30.0551,32.7019,29.3393,31.6686

289.5240,32.7206,32.5856,32.6438,32.6813,32.7694,28.6214,31.1794,30.0761,32.6801,29.3488,31.6597

290.5240,32.7136,32.5888,32.6089,32.6690,32.7698,28.6215,31.1602,30.0733,32.6700,29.3474,31.6506

291.5230,32.7051,32.5777,32.6425,32.6556,32.7766,28.6144,31.1780,30.0742,32.6715,29.3443,31.6530

292.5240,32.6924,32.5646,32.6354,32.6701,32.7451,28.6078,31.1827,30.0766,32.6615,29.3422,31.6468

293.5250,32.6817,32.5596,32.6346,32.6768,32.7655,28.6276,31.1893,30.0639,32.6636,29.3458,31.6499

294.5230,32.6919,32.5531,32.6117,32.6549,32.7707,28.6157,31.1976,30.0553,32.6565,29.3355,31.6439

295.5230,32.6842,32.5512,32.6159,32.6464,32.7533,28.5943,31.1927,30.0758,32.6502,29.3351,31.6392

296.5240,32.6723,32.5543,32.6209,32.6359,32.7433,28.6271,31.1841,30.0752,32.6453,29.3512,31.6391

297.5230,32.6610,32.5485,32.6061,32.6437,32.7281,28.6064,31.1940,30.0653,32.6375,29.3358,31.6316

298.5230,32.6557,32.5429,32.5959,32.6484,32.7530,28.6147,31.1797,30.0689,32.6392,29.3418,31.6324

299.5240,32.6639,32.5315,32.5850,32.6253,32.7280,28.5966,31.2025,30.0804,32.6267,29.3385,31.6267

300.5230,32.6511,32.5313,32.5903,32.6190,32.7221,28.5960,31.1920,30.0864,32.6228,29.3412,31.6235

301.5230,32.6398,32.5095,32.5892,32.6351,32.7299,28.6105,31.2164,30.0788,32.6207,29.3447,31.6262

302.5230,32.6477,32.5090,32.5902,32.6061,32.7192,28.6138,31.1853,30.0670,32.6145,29.3404,31.6173

303.5230,32.6432,32.5190,32.5875,32.6283,32.7066,28.6106,31.2090,30.0629,32.6169,29.3367,31.6209

304.5230,32.6390,32.4940,32.5836,32.6089,32.6971,28.6214,31.2005,30.0879,32.6045,29.3546,31.6165

305.5230,32.6293,32.5107,32.5562,32.6106,32.6875,28.5962,31.2073,30.0711,32.5989,29.3336,31.6086

306.5230,32.6397,32.5005,32.5653,32.6056,32.6755,28.6165,31.2031,30.0787,32.5973,29.3476,31.6106

307.5240,32.6381,32.4826,32.5581,32.5947,32.6697,28.6116,31.1621,30.0846,32.5886,29.3481,31.6002

308.5240,32.6075,32.4806,32.5561,32.5889,32.7015,28.6082,31.1925,30.0798,32.5869,29.3440,31.6019

309.5230,32.6057,32.5008,32.5350,32.6045,32.6973,28.5994,31.1705,30.0842,32.5887,29.3418,31.5997

310.5240,32.6222,32.4816,32.5417,32.5829,32.6814,28.5877,31.1655,30.0706,32.5820,29.3292,31.5917

311.5230,32.6006,32.4745,32.5383,32.5739,32.6677,28.5896,31.1776,30.0710,32.5710,29.3303,31.5867

312.5230,32.5925,32.4692,32.5348,32.5700,32.6619,28.5899,31.1831,30.0831,32.5657,29.3365,31.5856

313.5240,32.5940,32.4887,32.5206,32.5571,32.6298,28.6121,31.1720,30.0668,32.5580,29.3395,31.5801

314.5230,32.5926,32.4757,32.5330,32.5686,32.6685,28.5688,31.1715,30.0931,32.5677,29.3309,31.5840

315.5240,32.5760,32.4629,32.5126,32.5750,32.6721,28.5978,31.1628,30.0727,32.5597,29.3352,31.5790

316.5240,32.5598,32.4406,32.5115,32.5429,32.6353,28.5971,31.1706,30.0856,32.5380,29.3414,31.5679

317.5230,32.5872,32.4435,32.5106,32.5326,32.6438,28.5695,31.1703,30.0787,32.5436,29.3241,31.5670

318.5240,32.5746,32.4422,32.4962,32.5248,32.6392,28.5804,31.1540,30.0826,32.5354,29.3315,31.5618

319.5230,32.5571,32.4415,32.5184,32.5452,32.6273,28.5684,31.1852,30.0683,32.5379,29.3184,31.5639

320.5230,32.5671,32.4450,32.4895,32.5186,32.6256,28.5761,31.1497,30.0600,32.5292,29.3181,31.5539

321.5230,32.5484,32.4160,32.4822,32.5403,32.6084,28.5724,31.1652,30.0628,32.5191,29.3176,31.5495

322.5230,32.5283,32.4048,32.5065,32.5042,32.6177,28.6007,31.1775,30.0634,32.5123,29.3320,31.5504

323.5250,32.5453,32.4278,32.4724,32.5235,32.6257,28.5947,31.1574,30.0729,32.5189,29.3338,31.5525

324.5230,32.5365,32.4065,32.4811,32.5191,32.6040,28.6014,31.1585,30.0876,32.5095,29.3445,31.5493

325.5250,32.5215,32.4096,32.4720,32.5114,32.5939,28.5869,31.1374,30.0914,32.5017,29.3391,31.5405

326.5230,32.5467,32.3970,32.4678,32.5058,32.5926,28.5848,31.1382,30.0884,32.5020,29.3366,31.5402

327.5230,32.5435,32.4000,32.4432,32.4957,32.6027,28.5882,31.1481,30.0805,32.4970,29.3344,31.5377

328.5230,32.5103,32.3985,32.4735,32.5031,32.5917,28.5587,31.1422,30.0957,32.4954,29.3272,31.5342

329.5240,32.5242,32.3845,32.4619,32.4858,32.5932,28.5896,31.1471,30.0819,32.4899,29.3357,31.5335

330.5240,32.5104,32.3931,32.4428,32.4906,32.5816,28.5714,31.1530,30.0873,32.4837,29.3294,31.5288

331.5240,32.5031,32.3908,32.4471,32.4870,32.5953,28.5627,31.1626,30.0697,32.4847,29.3162,31.5273

332.5230,32.5086,32.3837,32.4306,32.4939,32.5732,28.5814,31.1352,30.0676,32.4780,29.3245,31.5218

333.5230,32.4914,32.3734,32.4480,32.4921,32.5667,28.5713,31.1552,30.0782,32.4743,29.3247,31.5220

334.5240,32.5014,32.3775,32.4225,32.4962,32.5665,28.5808,31.1271,30.0534,32.4728,29.3171,31.5157

335.5240,32.4830,32.3729,32.4133,32.4592,32.5554,28.5638,31.1261,30.0867,32.4568,29.3252,31.5076

336.5230,32.4872,32.3501,32.4393,32.4660,32.5471,28.5924,31.1227,30.0922,32.4579,29.3423,31.5121

337.5230,32.4816,32.3533,32.4143,32.4706,32.5658,28.5811,31.1265,30.0636,32.4571,29.3224,31.5071

338.5230,32.4615,32.3526,32.4249,32.4596,32.5628,28.5553,31.1327,30.0872,32.4523,29.3213,31.5046

339.5240,32.4722,32.3433,32.3874,32.4667,32.5628,28.5760,31.1341,30.0697,32.4465,29.3229,31.5015

340.5230,32.4577,32.3571,32.3984,32.4490,32.5433,28.5991,31.1129,30.0805,32.4411,29.3398,31.4997

341.5230,32.4570,32.3224,32.4021,32.4289,32.5367,28.5710,31.1089,30.0667,32.4294,29.3189,31.4867

342.5230,32.4523,32.3300,32.4045,32.4383,32.5209,28.5654,31.1296,30.0638,32.4292,29.3146,31.4881

343.5230,32.4514,32.3311,32.4071,32.4470,32.5455,28.5904,31.1282,30.0888,32.4364,29.3396,31.4987

344.5240,32.4522,32.3342,32.3732,32.4398,32.5205,28.5512,31.1202,30.0798,32.4240,29.3155,31.4839

345.5230,32.4644,32.3466,32.3870,32.4250,32.5164,28.5761,31.1544,30.0845,32.4279,29.3303,31.4943

346.5230,32.4650,32.3293,32.3837,32.4245,32.5151,28.5565,31.1217,30.0964,32.4235,29.3264,31.4865

347.5230,32.4370,32.3089,32.3816,32.4211,32.5139,28.5468,31.1172,30.0622,32.4125,29.3045,31.4736

348.5240,32.4336,32.2992,32.3808,32.3963,32.5004,28.5646,31.1419,30.0832,32.4020,29.3239,31.4750

349.5230,32.4195,32.3144,32.3655,32.3889,32.5147,28.5414,31.1258,30.0841,32.4006,29.3127,31.4693

350.5230,32.4337,32.2992,32.3616,32.3944,32.4985,28.5698,31.1387,30.0758,32.3975,29.3228,31.4715

351.5230,32.4148,32.2876,32.3486,32.4006,32.5123,28.5824,31.1470,30.0883,32.3928,29.3354,31.4727

352.5230,32.4458,32.2741,32.3553,32.3956,32.5026,28.5570,31.1579,30.0827,32.3947,29.3199,31.4714

353.5230,32.4319,32.2887,32.3445,32.3929,32.4829,28.5638,31.1425,30.0961,32.3882,29.3299,31.4679

354.5230,32.4009,32.2717,32.3303,32.3824,32.4762,28.5628,31.1434,30.0838,32.3723,29.3233,31.4564

355.5240,32.4055,32.2841,32.3592,32.3766,32.4723,28.5561,31.1509,30.0941,32.3795,29.3251,31.4624

356.5240,32.4086,32.2890,32.3482,32.3805,32.4847,28.5630,31.1540,30.0930,32.3822,29.3280,31.4651

357.5230,32.4104,32.2748,32.3335,32.3879,32.4826,28.5446,31.1661,30.0788,32.3778,29.3117,31.4598

358.5230,32.4039,32.2684,32.3266,32.3744,32.4659,28.5527,31.1582,30.0841,32.3679,29.3184,31.4543

359.5230,32.3733,32.2813,32.3244,32.3929,32.4830,28.5634,31.1783,30.0806,32.3710,29.3220,31.4597

360.5230,32.3679,32.2495,32.3259,32.3738,32.4465,28.5716,31.1700,30.1015,32.3527,29.3365,31.4508

361.5240,32.3735,32.2393,32.3110,32.3655,32.4757,28.5617,31.1527,30.1006,32.3530,29.3311,31.4475

362.5230,32.3802,32.2543,32.3012,32.3852,32.4612,28.5524,31.1682,30.0706,32.3564,29.3115,31.4467

363.5230,32.3877,32.2560,32.3208,32.3710,32.4713,28.5576,31.1603,30.0814,32.3614,29.3195,31.4508

364.5230,32.3704,32.2411,32.3143,32.3668,32.4461,28.5416,31.1523,30.0730,32.3477,29.3073,31.4382

365.5240,32.3734,32.2448,32.3058,32.3476,32.4475,28.5309,31.1323,30.0962,32.3438,29.3136,31.4348

366.5230,32.3780,32.2474,32.2990,32.3248,32.4510,28.5384,31.1411,30.0820,32.3400,29.3102,31.4327

367.5230,32.3615,32.2279,32.3255,32.3475,32.4385,28.5369,31.1486,30.0739,32.3402,29.3054,31.4325

368.5230,32.3482,32.2446,32.3136,32.3544,32.4322,28.5311,31.1489,30.0714,32.3386,29.3013,31.4305

369.5230,32.3485,32.2194,32.2893,32.3273,32.4183,28.5361,31.1445,30.0858,32.3205,29.3109,31.4211

370.5230,32.3492,32.2231,32.2921,32.3132,32.4328,28.5486,31.1537,30.0936,32.3221,29.3211,31.4258

371.5230,32.3515,32.2188,32.2746,32.3229,32.4111,28.5537,31.1537,30.0922,32.3158,29.3230,31.4223

372.5230,32.3189,32.2261,32.2782,32.3265,32.4387,28.5520,31.1365,30.0825,32.3177,29.3173,31.4199

373.5230,32.3373,32.2052,32.2671,32.3305,32.4205,28.5546,31.1437,30.0831,32.3121,29.3188,31.4177

374.5230,32.3277,32.1960,32.2659,32.3180,32.4193,28.5487,31.1467,30.0805,32.3054,29.3146,31.4129

375.5230,32.3266,32.2012,32.2556,32.2744,32.4142,28.5476,31.1573,30.0963,32.2944,29.3219,31.4091

376.5230,32.3260,32.2058,32.2550,32.3142,32.4225,28.5653,31.1173,30.1009,32.3047,29.3331,31.4134

377.5240,32.3257,32.2048,32.2630,32.2977,32.4042,28.5405,31.0954,30.0926,32.2991,29.3166,31.4030

378.5230,32.3350,32.2000,32.2554,32.3079,32.3957,28.5423,31.1155,30.0727,32.2988,29.3075,31.4031

379.5230,32.3416,32.1884,32.2691,32.2892,32.3784,28.5659,31.1033,30.0779,32.2933,29.3219,31.4017

380.5230,32.3102,32.1704,32.2464,32.2929,32.3829,28.5268,31.1174,30.0658,32.2806,29.2963,31.3891

381.5230,32.3129,32.1872,32.2360,32.2862,32.3899,28.5508,31.1277,30.0638,32.2825,29.3073,31.3943

382.5240,32.3069,32.1841,32.2423,32.3047,32.3718,28.5415,31.1165,30.0884,32.2820,29.3149,31.3945

383.5230,32.2823,32.1726,32.2552,32.2960,32.3753,28.5478,31.1219,30.0750,32.2763,29.3114,31.3908

384.5230,32.3129,32.1801,32.2157,32.2880,32.3720,28.5381,31.1117,30.1099,32.2737,29.3240,31.3910

385.5230,32.2986,32.1639,32.2568,32.2699,32.3877,28.5360,31.0979,30.0716,32.2754,29.3038,31.3853

386.5230,32.2793,32.1718,32.2323,32.2915,32.3707,28.5481,31.1062,30.0927,32.2691,29.3204,31.3866

387.5230,32.2969,32.1649,32.2137,32.2629,32.3657,28.5479,31.1098,30.0765,32.2608,29.3122,31.3798

388.5240,32.3079,32.1349,32.2287,32.2578,32.3859,28.5373,31.1307,30.0912,32.2630,29.3143,31.3843

389.5230,32.2748,32.1553,32.2262,32.2656,32.3749,28.5356,31.1098,30.0783,32.2594,29.3070,31.3776

390.5240,32.2773,32.1462,32.2175,32.2681,32.3493,28.5372,31.1282,30.0771,32.2517,29.3071,31.3751

391.5230,32.2685,32.1647,32.2017,32.2726,32.3373,28.5349,31.1401,30.0917,32.2490,29.3133,31.3764

392.5230,32.2555,32.1476,32.2203,32.2395,32.3512,28.5374,31.1289,30.0754,32.2428,29.3064,31.3695

393.5230,32.2697,32.1626,32.2030,32.2593,32.3503,28.5196,31.1215,30.0685,32.2490,29.2941,31.3693

394.5240,32.2616,32.1331,32.2185,32.2368,32.3423,28.5477,31.1317,30.0725,32.2384,29.3101,31.3680

395.5240,32.2531,32.1327,32.1894,32.2321,32.3325,28.5256,31.1312,30.0838,32.2280,29.3047,31.3601

396.5230,32.2503,32.1385,32.1690,32.2361,32.3327,28.5209,31.1242,30.0975,32.2253,29.3092,31.3586

397.5230,32.2602,32.1313,32.1881,32.2317,32.3279,28.5261,31.1007,30.0820,32.2278,29.3040,31.3560

398.5230,32.2252,32.1216,32.1943,32.2408,32.3337,28.5565,31.1108,30.0700,32.2231,29.3132,31.3566

399.5240,32.2432,32.1361,32.1760,32.2285,32.3275,28.5378,31.1025,30.1134,32.2223,29.3256,31.3581

400.5230,32.2318,32.1248,32.1830,32.2266,32.3317,28.5240,31.0949,30.0832,32.2196,29.3036,31.3500

401.5230,32.2337,32.1217,32.1831,32.2230,32.3079,28.5315,31.1123,30.0747,32.2139,29.3031,31.3485

402.5240,32.2401,32.1200,32.1796,32.2369,32.3227,28.5267,31.0938,30.0722,32.2199,29.2995,31.3490

403.5230,32.2222,32.1098,32.1679,32.2242,32.2984,28.5148,31.0932,30.0918,32.2045,29.3033,31.3403

404.5230,32.2383,32.1042,32.1755,32.2173,32.3022,28.5117,31.0868,30.0761,32.2075,29.2939,31.3390

405.5230,32.2147,32.0950,32.1701,32.2147,32.3155,28.5172,31.0885,30.0862,32.2020,29.3017,31.3378

